rep	arm	rung	cores	pkts	tickms	mb	voice	hz	crowd
1	baseline	iroh200	0.549	24911.5	3.952	107.4	0.9885	83.3333	0.626
1	serveronly	iroh200	0.572	23866.1	4.032	109.3	0.9895	83.3333	0.689
1	bothends	iroh200	0.508	23099.7	3.288	108.8	0.9906	83.3333	0.656
2	baseline	iroh200							
2	serveronly	iroh200	0.490	21359.7	3.712	110.0	0.9894	83.3333	0.645
2	bothends	iroh200	0.453	20755.2	2.780	102.2	0.9933	83.3333	0.590
3	baseline	iroh200	0.489	21046.9	3.359	107.8	0.9893	83.3333	0.650
3	serveronly	iroh200	0.402	17718.8	2.836	106.4	0.9892	83.3333	0.589
3	bothends	iroh200	0.470	20845.5	3.309	103.8	0.9951	83.3333	0.612
